filename,detect_time_rel(sec),end_detect_time_rel(sec)
XB.ELYSE.02.BHV.M.2022.034.080000_evid0005,"[np.float64(682.9787234042553), np.float64(823.4042553191489)]","[np.float64(810.6382978723404), np.float64(938.2978723404256)]"
XB.ELYSE.02.BHV.M.2022.002.040000_evid0006,"[np.float64(2234.0425531914893), np.float64(2591.4893617021276)]","[np.float64(2297.872340425532), np.float64(2712.7659574468084)]"
